{
    "$schema": "https://schema.management.azure.com/schemas/2015-01-01/deploymentParameters.json#",
    "contentVersion": "1.0.0.0",
    "parameters": {
        "subscriptionId": {
            "value": "c75692c6-d82d-49c2-930b-f26b363ccd23"
        },
        "name": {
            "value": "ThiekAngular"
        },
        "location": {
            "value": "Southeast Asia"
        },
        "hostingPlanName": {
            "value": "ASP-AngularProject-88a1"
        },
        "serverFarmResourceGroup": {
            "value": "AngularProject"
        },
        "alwaysOn": {
            "value": false
        },
        "sku": {
            "value": "Free"
        },
        "skuCode": {
            "value": "F1"
        },
        "workerSize": {
            "value": "0"
        },
        "workerSizeId": {
            "value": "0"
        },
        "numberOfWorkers": {
            "value": "1"
        },
        "currentStack": {
            "value": "dotnetcore"
        },
        "phpVersion": {
            "value": "OFF"
        },
        "errorLink": {
            "value": "https://ThiekAngular.scm.azurewebsites.net/detectors?type=tools&name=eventviewer"
        }
    }
}